index,city,country,date,polarity_score
0,Mumbai,india,30-06-2020,0.0480065
1,Delhi,india,30-06-2020,0.2308694
2,Bangalore,india,30-06-2020,0.2659418
3,Hyderabad,india,30-06-2020,0.356704
4,Ahmedabad,india,30-06-2020,0.013126471
5,Chennai,india,30-06-2020,0.1097523
6,Kolkata,india,30-06-2020,-0.009918904
7,Surat,india,30-06-2020,0.0
8,Pune,india,30-06-2020,0.306319916
9,Jaipur,india,30-06-2020,0.353068919
10,Visakhapatnam,india,30-06-2020,0.476153333
11,Nagpur,india,30-06-2020,0.13085
12,Lucknow,india,30-06-2020,0.147662914
13,Kanpur,india,30-06-2020,-0.288031373
14,Thane,india,30-06-2020,0.0479077
15,Bhopal,india,30-06-2020,0.14472973
16,Indore,india,30-06-2020,0.312656522
17,Pimpri-Chinchwad,india,30-06-2020,0.306319916
18,Patna,india,30-06-2020,-0.013964228
19,Vadodara,india,30-06-2020,0.067585714
20,Toronto,canada,30-06-2020,0.1086144
21,Montreal,canada,30-06-2020,-0.0940545
22,Calgary,canada,30-06-2020,0.263835417
23,Ottawa,canada,30-06-2020,0.072451462
24,Edmonton,canada,30-06-2020,0.110205645
25,Mississauga,canada,30-06-2020,0.1097108
26,North York,canada,30-06-2020,0.1133519
27,Winnipeg,canada,30-06-2020,0.138917857
28,Scarborough,canada,30-06-2020,0.0
29,Vancouver,canada,30-06-2020,-0.032139632
30,Quebec,canada,30-06-2020,0.0
31,Hamilton,canada,30-06-2020,0.118532491
32,Brampton,canada,30-06-2020,0.113167188
33,Surrey,canada,30-06-2020,0.101538462
34,Laval,canada,30-06-2020,0.0
35,Halifax,canada,30-06-2020,0.31177
36,Etobicoke,canada,30-06-2020,0.1128767
37,London,canada,30-06-2020,0.0328735
38,Okanagan,canada,30-06-2020,0.167130435
39,Victoria,canada,30-06-2020,0.0
40,New York,us,30-06-2020,-0.105569
41,Los Angeles,us,30-06-2020,-0.0009845
42,Chicago,us,30-06-2020,-0.0556094
43,Houston,us,30-06-2020,-0.0071018
44,Phoenix,us,30-06-2020,-0.003884025
45,Philadelphia,us,30-06-2020,0.046649169
46,San Antonio,us,30-06-2020,0.137864555
47,San Diego,us,30-06-2020,0.1855537
48,Dallas,us,30-06-2020,-0.028974889
49,San Jose,us,30-06-2020,0.111693349
50,Austin,us,30-06-2020,0.0364684
51,Fort Worth,us,30-06-2020,0.083045946
52,Jacksonville,us,30-06-2020,0.041694615
53,Columbus,us,30-06-2020,0.028723022
54,Charlotte,us,30-06-2020,0.0
55,San Francisco,us,30-06-2020,0.0711162
56,Indianapolis,us,30-06-2020,0.209112963
57,Seattle,us,30-06-2020,0.097031478
58,Denver,us,30-06-2020,0.087414092
59,Washington,us,30-06-2020,0.0195805
60,Boston,us,30-06-2020,-0.055794
61,El Paso,us,30-06-2020,-0.117363158
62,Nashville,us,30-06-2020,-0.044614344
63,Detroit,us,30-06-2020,0.048334975
64,Portland,us,30-06-2020,0.0019658
65,Las Vegas,us,30-06-2020,-0.122651747
66,Oklahoma City,us,30-06-2020,0.030528
67,Memphis,us,30-06-2020,-0.002825
68,Louisville,us,30-06-2020,0.013881633
69,Baltimore,us,30-06-2020,0.148643953
70,Milwaukee,us,30-06-2020,0.213571429
71,Albuquerque,us,30-06-2020,-0.094308333
72,Tucson,us,30-06-2020,-0.023868421
73,Fresno,us,30-06-2020,0.298355556
74,Mesa,us,30-06-2020,-0.004675957
75,Atlanta,us,30-06-2020,0.035667127
76,Sacramento,us,30-06-2020,-0.082791795
77,Kansas City,us,30-06-2020,0.181176214
78,Miami,us,30-06-2020,-0.0076976
79,Colorado Springs,us,30-06-2020,-0.066528358
80,Raleigh,us,30-06-2020,0.069799048
81,Omaha,us,30-06-2020,0.0
82,Long Beach,us,30-06-2020,0.110018719
83,Virginia Beach,us,30-06-2020,0.330308434
84,Minneapolis,us,30-06-2020,0.134817352
85,Oakland,us,30-06-2020,0.0655047
86,Tampa,us,30-06-2020,0.043075955
87,Arlington,us,30-06-2020,-0.026879603
88,Tulsa,us,30-06-2020,0.036402703
89,Bakersfield,us,30-06-2020,0.26
90,Mumbai,india,02-07-2020,0.2209549
91,Delhi,india,02-07-2020,0.0883417
92,Bangalore,india,02-07-2020,0.0325649
93,Hyderabad,india,02-07-2020,0.0153522
94,Ahmedabad,india,02-07-2020,0.049049153
95,Chennai,india,02-07-2020,-0.2958967
96,Kolkata,india,02-07-2020,0.050269231
97,Surat,india,02-07-2020,0.0
98,Pune,india,02-07-2020,0.310463851
99,Jaipur,india,02-07-2020,0.345201339
100,Visakhapatnam,india,02-07-2020,0.37445
101,Nagpur,india,02-07-2020,0.190890476
102,Lucknow,india,02-07-2020,0.428878723
103,Kanpur,india,02-07-2020,-0.223188372
104,Thane,india,02-07-2020,0.2270468
105,Bhopal,india,02-07-2020,0.009773077
106,Indore,india,02-07-2020,0.260957895
107,Pimpri-Chinchwad,india,02-07-2020,0.313724538
108,Patna,india,02-07-2020,-0.028892373
109,Vadodara,india,02-07-2020,0.144395238
110,Toronto,canada,02-07-2020,0.1370956
111,Montreal,canada,02-07-2020,-0.0407002
112,Calgary,canada,02-07-2020,0.190345238
113,Ottawa,canada,02-07-2020,0.104857631
114,Edmonton,canada,02-07-2020,0.156283486
115,Mississauga,canada,02-07-2020,0.138354
116,North York,canada,02-07-2020,0.1425953
117,Winnipeg,canada,02-07-2020,0.174224324
118,Scarborough,canada,02-07-2020,0.7845
119,Vancouver,canada,02-07-2020,-0.024147368
120,Quebec,canada,02-07-2020,0.0
121,Hamilton,canada,02-07-2020,0.124715065
122,Brampton,canada,02-07-2020,0.103028333
123,Surrey,canada,02-07-2020,0.128186076
124,Laval,canada,02-07-2020,0.0
125,Halifax,canada,02-07-2020,0.098449057
126,Etobicoke,canada,02-07-2020,0.140897
127,London,canada,02-07-2020,0.0731994
128,Okanagan,canada,02-07-2020,0.2503625
129,Victoria,canada,02-07-2020,0.0
130,New York,us,02-07-2020,0.3030479
131,Los Angeles,us,02-07-2020,0.1156388
132,Chicago,us,02-07-2020,0.0244849
133,Houston,us,02-07-2020,0.0302763
134,Phoenix,us,02-07-2020,-0.022228519
135,Philadelphia,us,02-07-2020,0.067550441
136,San Antonio,us,02-07-2020,-0.042097485
137,San Diego,us,02-07-2020,0.166478
138,Dallas,us,02-07-2020,0.017890313
139,San Jose,us,02-07-2020,0.036622249
140,Austin,us,02-07-2020,0.0251556
141,Fort Worth,us,02-07-2020,0.06661269
142,Jacksonville,us,02-07-2020,0.037942308
143,Columbus,us,02-07-2020,0.004176
144,Charlotte,us,02-07-2020,0.061409444
145,San Francisco,us,02-07-2020,0.126644
146,Indianapolis,us,02-07-2020,0.115418239
147,Seattle,us,02-07-2020,-0.021127854
148,Denver,us,02-07-2020,0.111388024
149,Washington,us,02-07-2020,-0.0075752
150,Boston,us,02-07-2020,-0.1772887
151,El Paso,us,02-07-2020,-0.142204444
152,Nashville,us,02-07-2020,-0.031450843
153,Detroit,us,02-07-2020,-0.00204918
154,Portland,us,02-07-2020,0.0683051
155,Las Vegas,us,02-07-2020,-0.122595478
156,Oklahoma City,us,02-07-2020,-0.089616438
157,Memphis,us,02-07-2020,0.055555172
158,Louisville,us,02-07-2020,-0.003374138
159,Baltimore,us,02-07-2020,0.151525205
160,Milwaukee,us,02-07-2020,0.175791304
161,Albuquerque,us,02-07-2020,-0.137454878
162,Tucson,us,02-07-2020,-0.091785385
163,Fresno,us,02-07-2020,0.220624324
164,Mesa,us,02-07-2020,-0.023380242
165,Atlanta,us,02-07-2020,0.0242682
166,Sacramento,us,02-07-2020,-0.023216316
167,Kansas City,us,02-07-2020,0.103382759
168,Miami,us,02-07-2020,-0.0727881
169,Colorado Springs,us,02-07-2020,-0.047035593
170,Raleigh,us,02-07-2020,0.104680734
171,Omaha,us,02-07-2020,0.207233333
172,Long Beach,us,02-07-2020,0.051808333
173,Virginia Beach,us,02-07-2020,0.323709459
174,Minneapolis,us,02-07-2020,0.128954464
175,Oakland,us,02-07-2020,0.1300297
176,Tampa,us,02-07-2020,0.057505155
177,Arlington,us,02-07-2020,0.015186003
178,Tulsa,us,02-07-2020,0.060340909
179,Bakersfield,us,02-07-2020,0.182244444
180,Mumbai,india,03-07-2020,0.2319174
181,Delhi,india,03-07-2020,0.1950139
182,Bangalore,india,03-07-2020,0.1644886
183,Hyderabad,india,03-07-2020,-0.0649696
184,Ahmedabad,india,03-07-2020,0.080793103
185,Chennai,india,03-07-2020,-0.3474467
186,Kolkata,india,03-07-2020,0.0729919
187,Surat,india,03-07-2020,0.0
188,Pune,india,03-07-2020,0.309267589
189,Jaipur,india,03-07-2020,0.35221907
190,Visakhapatnam,india,03-07-2020,0.319414286
191,Nagpur,india,03-07-2020,0.190890476
192,Lucknow,india,03-07-2020,0.175996454
193,Kanpur,india,03-07-2020,-0.178351429
194,Thane,india,03-07-2020,0.2282452
195,Bhopal,india,03-07-2020,-0.00379
196,Indore,india,03-07-2020,0.243223529
197,Pimpri-Chinchwad,india,03-07-2020,0.309267589
198,Patna,india,03-07-2020,-0.02894569
199,Vadodara,india,03-07-2020,0.171109524
200,Toronto,canada,03-07-2020,0.1410708
201,Montreal,canada,03-07-2020,-0.0490322
202,Calgary,canada,03-07-2020,0.140444915
203,Ottawa,canada,03-07-2020,0.116988125
204,Edmonton,canada,03-07-2020,0.127464103
205,Mississauga,canada,03-07-2020,0.1473938
206,North York,canada,03-07-2020,0.1487452
207,Winnipeg,canada,03-07-2020,0.252809677
208,Scarborough,canada,03-07-2020,0.7845
209,Vancouver,canada,03-07-2020,-0.033119739
210,Quebec,canada,03-07-2020,0.0
211,Hamilton,canada,03-07-2020,0.141513441
212,Brampton,canada,03-07-2020,0.132150909
213,Surrey,canada,03-07-2020,0.124610256
214,Laval,canada,03-07-2020,0.0
215,Halifax,canada,03-07-2020,0.067582353
216,Etobicoke,canada,03-07-2020,0.1491738
217,London,canada,03-07-2020,0.015807034
218,Okanagan,canada,03-07-2020,0.240234783
219,Victoria,canada,03-07-2020,0.0
220,New York,us,03-07-2020,0.2329407
221,Los Angeles,us,03-07-2020,0.2149937
222,Chicago,us,03-07-2020,0.0831895
223,Houston,us,03-07-2020,0.0425839
224,Phoenix,us,03-07-2020,-0.012853132
225,Philadelphia,us,03-07-2020,0.06290839
226,San Antonio,us,03-07-2020,-0.033956391
227,San Diego,us,03-07-2020,0.1632119
228,Dallas,us,03-07-2020,0.044872904
229,San Jose,us,03-07-2020,0.026937767
230,Austin,us,03-07-2020,0.0067018
231,Fort Worth,us,03-07-2020,0.064305556
232,Jacksonville,us,03-07-2020,0.044972778
233,Columbus,us,03-07-2020,0.021636054
234,Charlotte,us,03-07-2020,0.072561026
235,San Francisco,us,03-07-2020,0.1364804
236,Indianapolis,us,03-07-2020,0.118543671
237,Seattle,us,03-07-2020,-0.021800152
238,Denver,us,03-07-2020,0.118129747
239,Washington,us,03-07-2020,0.0648095
240,Boston,us,03-07-2020,-0.1743316
241,El Paso,us,03-07-2020,-0.149954348
242,Nashville,us,03-07-2020,-0.021317528
243,Detroit,us,03-07-2020,0.033387978
244,Portland,us,03-07-2020,0.116531278
245,Las Vegas,us,03-07-2020,-0.121419188
246,Oklahoma City,us,03-07-2020,-0.074474684
247,Memphis,us,03-07-2020,0.0851
248,Louisville,us,03-07-2020,-0.0226
249,Baltimore,us,03-07-2020,0.150871959
250,Milwaukee,us,03-07-2020,0.182193617
251,Albuquerque,us,03-07-2020,-0.14237439
252,Tucson,us,03-07-2020,-0.095821774
253,Fresno,us,03-07-2020,0.192578378
254,Mesa,us,03-07-2020,-0.015190794
255,Atlanta,us,03-07-2020,0.0045731
256,Sacramento,us,03-07-2020,0.008171053
257,Kansas City,us,03-07-2020,0.089733761
258,Miami,us,03-07-2020,-0.0623153
259,Colorado Springs,us,03-07-2020,-0.047872131
260,Raleigh,us,03-07-2020,0.10885
261,Omaha,us,03-07-2020,0.198944
262,Long Beach,us,03-07-2020,0.06025
263,Virginia Beach,us,03-07-2020,0.299083824
264,Minneapolis,us,03-07-2020,0.109671981
265,Oakland,us,03-07-2020,0.1368064
266,Tampa,us,03-07-2020,0.025927975
267,Arlington,us,03-07-2020,0.039466086
268,Tulsa,us,03-07-2020,0.068
269,Bakersfield,us,03-07-2020,0.182244444
270,Mumbai,india,01-07-2020,0.1669596
271,Delhi,india,01-07-2020,0.171408333
272,Bangalore,india,01-07-2020,0.154331767
273,Hyderabad,india,01-07-2020,0.1023622
274,Ahmedabad,india,01-07-2020,0.047656242
275,Chennai,india,01-07-2020,-0.1778637
276,Kolkata,india,01-07-2020,0.037780742
277,Surat,india,01-07-2020,0.0
278,Pune,india,01-07-2020,0.308683785
279,Jaipur,india,01-07-2020,0.350163109
280,Visakhapatnam,india,01-07-2020,0.390005873
281,Nagpur,india,01-07-2020,0.170876984
282,Lucknow,india,01-07-2020,0.25084603
283,Kanpur,india,01-07-2020,-0.229857058
284,Thane,india,01-07-2020,0.167733233
285,Bhopal,india,01-07-2020,0.050237602
286,Indore,india,01-07-2020,0.272279315
287,Pimpri-Chinchwad,india,01-07-2020,0.309770681
288,Patna,india,01-07-2020,-0.023934097
289,Vadodara,india,01-07-2020,0.127696825
290,Toronto,canada,01-07-2020,0.128926933
291,Montreal,canada,01-07-2020,-0.0612623
292,Calgary,canada,01-07-2020,0.198208523
293,Ottawa,canada,01-07-2020,0.098099073
294,Edmonton,canada,01-07-2020,0.131317745
295,Mississauga,canada,01-07-2020,0.131819533
296,North York,canada,01-07-2020,0.134897467
297,Winnipeg,canada,01-07-2020,0.18865062
298,Scarborough,canada,01-07-2020,0.523
299,Vancouver,canada,01-07-2020,-0.029802247
300,Quebec,canada,01-07-2020,0.0
301,Hamilton,canada,01-07-2020,0.128253666
302,Brampton,canada,01-07-2020,0.116115477
303,Surrey,canada,01-07-2020,0.118111598
304,Laval,canada,01-07-2020,0.0
305,Halifax,canada,01-07-2020,0.159267137
306,Etobicoke,canada,01-07-2020,0.134315833
307,London,canada,01-07-2020,0.040626645
308,Okanagan,canada,01-07-2020,0.219242572
309,Victoria,canada,01-07-2020,0.0
310,New York,us,01-07-2020,0.1434732
311,Los Angeles,us,01-07-2020,0.109882667
312,Chicago,us,01-07-2020,0.017355
313,Houston,us,01-07-2020,0.021919467
314,Phoenix,us,01-07-2020,-0.012988559
315,Philadelphia,us,01-07-2020,0.059036
316,San Antonio,us,01-07-2020,0.020603559
317,San Diego,us,01-07-2020,0.171747867
318,Dallas,us,01-07-2020,0.011262776
319,San Jose,us,01-07-2020,0.058417788
320,Austin,us,01-07-2020,0.022775267
321,Fort Worth,us,01-07-2020,0.071321397
322,Jacksonville,us,01-07-2020,0.041536567
323,Columbus,us,01-07-2020,0.018178359
324,Charlotte,us,01-07-2020,0.044656823
325,San Francisco,us,01-07-2020,0.111413533
326,Indianapolis,us,01-07-2020,0.147691624
327,Seattle,us,01-07-2020,0.018034491
328,Denver,us,01-07-2020,0.105643954
329,Washington,us,01-07-2020,0.025604933
330,Boston,us,01-07-2020,-0.135804767
331,El Paso,us,01-07-2020,-0.136507317
332,Nashville,us,01-07-2020,-0.032460905
333,Detroit,us,01-07-2020,0.026557924
334,Portland,us,01-07-2020,0.062267393
335,Las Vegas,us,01-07-2020,-0.122222137
336,Oklahoma City,us,01-07-2020,-0.044521041
337,Memphis,us,01-07-2020,0.045943391
338,Louisville,us,01-07-2020,-0.004030835
339,Baltimore,us,01-07-2020,0.150347039
340,Milwaukee,us,01-07-2020,0.190518783
341,Albuquerque,us,01-07-2020,-0.124712534
342,Tucson,us,01-07-2020,-0.07049186
343,Fresno,us,01-07-2020,0.237186086
344,Mesa,us,01-07-2020,-0.014415665
345,Atlanta,us,01-07-2020,0.021502809
346,Sacramento,us,01-07-2020,-0.032612353
347,Kansas City,us,01-07-2020,0.124764244
348,Miami,us,01-07-2020,-0.047600333
349,Colorado Springs,us,01-07-2020,-0.053812028
350,Raleigh,us,01-07-2020,0.094443261
351,Omaha,us,01-07-2020,0.135392444
352,Long Beach,us,01-07-2020,0.074025684
353,Virginia Beach,us,01-07-2020,0.317700572
354,Minneapolis,us,01-07-2020,0.124481266
355,Oakland,us,01-07-2020,0.110780267
356,Tampa,us,01-07-2020,0.042169695
357,Arlington,us,01-07-2020,0.009257495
358,Tulsa,us,01-07-2020,0.054914537
359,Bakersfield,us,01-07-2020,0.208162963
360,Mumbai,india,05-07-2020,0.157589
361,Delhi,india,05-07-2020,0.0789525
362,Bangalore,india,05-07-2020,0.1588885
363,Hyderabad,india,05-07-2020,-0.0867286
364,Ahmedabad,india,05-07-2020,-0.011948276
365,Chennai,india,05-07-2020,0.114598
366,Kolkata,india,05-07-2020,0.073774947
367,Surat,india,05-07-2020,0.0
368,Pune,india,05-07-2020,0.069291931
369,Jaipur,india,05-07-2020,0.312833714
370,Visakhapatnam,india,05-07-2020,0.330337838
371,Nagpur,india,05-07-2020,0.199568182
372,Lucknow,india,05-07-2020,0.153455556
373,Kanpur,india,05-07-2020,-0.003226087
374,Thane,india,05-07-2020,0.1551813
375,Bhopal,india,05-07-2020,0.104473684
376,Indore,india,05-07-2020,0.201521429
377,Pimpri-Chinchwad,india,05-07-2020,0.069009969
378,Patna,india,05-07-2020,-0.139137931
379,Vadodara,india,05-07-2020,0.204321429
380,Toronto,canada,05-07-2020,0.1558198
381,Montreal,canada,05-07-2020,-0.01185149
382,Calgary,canada,05-07-2020,0.119095789
383,Ottawa,canada,05-07-2020,0.126034273
384,Edmonton,canada,05-07-2020,0.127189256
385,Mississauga,canada,05-07-2020,0.1605673
386,North York,canada,05-07-2020,0.1603677
387,Winnipeg,canada,05-07-2020,0.273690625
388,Scarborough,canada,05-07-2020,0.6556
389,Vancouver,canada,05-07-2020,0.215793148
390,Quebec,canada,05-07-2020,0.0
391,Hamilton,canada,05-07-2020,0.081085714
392,Brampton,canada,05-07-2020,0.123915789
393,Surrey,canada,05-07-2020,0.05190411
394,Laval,canada,05-07-2020,0.0
395,Halifax,canada,05-07-2020,0.106644231
396,Etobicoke,canada,05-07-2020,0.157679
397,London,canada,05-07-2020,0.4602709
398,Okanagan,canada,05-07-2020,0.289418182
399,Victoria,canada,05-07-2020,0.0
400,New York,us,05-07-2020,-0.0780788
401,Los Angeles,us,05-07-2020,0.1861017
402,Chicago,us,05-07-2020,-0.0081416
403,Houston,us,05-07-2020,0.0698231
404,Phoenix,us,05-07-2020,0.0742133
405,Philadelphia,us,05-07-2020,-0.03236367
406,San Antonio,us,05-07-2020,-0.019365746
407,San Diego,us,05-07-2020,0.1062448
408,Dallas,us,05-07-2020,0.037881659
409,San Jose,us,05-07-2020,-0.010458394
410,Austin,us,05-07-2020,-0.0480443
411,Fort Worth,us,05-07-2020,0.112439908
412,Jacksonville,us,05-07-2020,0.40407003
413,Columbus,us,05-07-2020,-0.010282069
414,Charlotte,us,05-07-2020,0.054022143
415,San Francisco,us,05-07-2020,-0.1195016
416,Indianapolis,us,05-07-2020,0.39225
417,Seattle,us,05-07-2020,-0.023328418
418,Denver,us,05-07-2020,0.122294604
419,Washington,us,05-07-2020,0.0853986
420,Boston,us,05-07-2020,-0.1442112
421,El Paso,us,05-07-2020,-0.056372059
422,Nashville,us,05-07-2020,0.050602225
423,Detroit,us,05-07-2020,0.02332359
424,Portland,us,05-07-2020,0.117264992
425,Las Vegas,us,05-07-2020,-0.133564533
426,Oklahoma City,us,05-07-2020,0.02074026
427,Memphis,us,05-07-2020,0.125661905
428,Louisville,us,05-07-2020,-0.065393617
429,Baltimore,us,05-07-2020,0.142280451
430,Milwaukee,us,05-07-2020,0.195879661
431,Albuquerque,us,05-07-2020,-0.040261538
432,Tucson,us,05-07-2020,-0.095852101
433,Fresno,us,05-07-2020,0.01892
434,Mesa,us,05-07-2020,0.072017094
435,Atlanta,us,05-07-2020,-0.0053276
436,Sacramento,us,05-07-2020,0.000215642
437,Kansas City,us,05-07-2020,0.049441597
438,Miami,us,05-07-2020,-0.0478319
439,Colorado Springs,us,05-07-2020,-0.082982
440,Raleigh,us,05-07-2020,0.075181667
441,Omaha,us,05-07-2020,-0.2732
442,Long Beach,us,05-07-2020,0.188921311
443,Virginia Beach,us,05-07-2020,0.158056716
444,Minneapolis,us,05-07-2020,0.109828502
445,Oakland,us,05-07-2020,-0.1220855
446,Tampa,us,05-07-2020,0.027818872
447,Arlington,us,05-07-2020,0.045621294
448,Tulsa,us,05-07-2020,0.072686364
449,Bakersfield,us,05-07-2020,0.08048
450,Mumbai,india,06-07-2020,0.1305634
451,Delhi,india,06-07-2020,-0.0282837
452,Bangalore,india,06-07-2020,0.1316425
453,Hyderabad,india,06-07-2020,-0.093753
454,Ahmedabad,india,06-07-2020,-0.047778431
455,Chennai,india,06-07-2020,0.1056947
456,Kolkata,india,06-07-2020,0.202816667
457,Surat,india,06-07-2020,0.0
458,Pune,india,06-07-2020,0.0583498
459,Jaipur,india,06-07-2020,0.310708571
460,Visakhapatnam,india,06-07-2020,0.321644737
461,Nagpur,india,06-07-2020,0.185868182
462,Lucknow,india,06-07-2020,0.147338125
463,Kanpur,india,06-07-2020,0.107157895
464,Thane,india,06-07-2020,0.1295434
465,Bhopal,india,06-07-2020,0.193018182
466,Indore,india,06-07-2020,0.2164
467,Pimpri-Chinchwad,india,06-07-2020,0.0583498
468,Patna,india,06-07-2020,-0.1728375
469,Vadodara,india,06-07-2020,0.19615
470,Toronto,canada,06-07-2020,0.163508
471,Montreal,canada,06-07-2020,-0.04219145
472,Calgary,canada,06-07-2020,0.111575281
473,Ottawa,canada,06-07-2020,0.144985511
474,Edmonton,canada,06-07-2020,0.137412097
475,Mississauga,canada,06-07-2020,0.1701088
476,North York,canada,06-07-2020,0.1602838
477,Winnipeg,canada,06-07-2020,0.1226625
478,Scarborough,canada,06-07-2020,0.437066667
479,Vancouver,canada,06-07-2020,0.230960289
480,Quebec,canada,06-07-2020,0.0
481,Hamilton,canada,06-07-2020,0.058490681
482,Brampton,canada,06-07-2020,0.107958929
483,Surrey,canada,06-07-2020,-0.014878333
484,Laval,canada,06-07-2020,0.0
485,Halifax,canada,06-07-2020,-0.003059524
486,Etobicoke,canada,06-07-2020,0.168623
487,London,canada,06-07-2020,0.3403086
488,Okanagan,canada,06-07-2020,0.317254545
489,Victoria,canada,06-07-2020,0.0
490,New York,us,06-07-2020,-0.1128462
491,Los Angeles,us,06-07-2020,0.099515385
492,Chicago,us,06-07-2020,-0.0110183
493,Houston,us,06-07-2020,0.070442
494,Phoenix,us,06-07-2020,0.033166094
495,Philadelphia,us,06-07-2020,-0.042714599
496,San Antonio,us,06-07-2020,-0.027112188
497,San Diego,us,06-07-2020,0.0879873
498,Dallas,us,06-07-2020,0.03896596
499,San Jose,us,06-07-2020,0.067805915
500,Austin,us,06-07-2020,-0.074738943
501,Fort Worth,us,06-07-2020,0.09408392
502,Jacksonville,us,06-07-2020,0.480602356
503,Columbus,us,06-07-2020,-0.007980451
504,Charlotte,us,06-07-2020,0.048066216
505,San Francisco,us,06-07-2020,-0.2057481
506,Indianapolis,us,06-07-2020,0.222253846
507,Seattle,us,06-07-2020,-0.008939328
508,Denver,us,06-07-2020,0.134043629
509,Washington,us,06-07-2020,-0.0492356
510,Boston,us,06-07-2020,-0.1366239
511,El Paso,us,06-07-2020,-0.075108571
512,Nashville,us,06-07-2020,0.055406464
513,Detroit,us,06-07-2020,0.004734737
514,Portland,us,06-07-2020,0.145663178
515,Las Vegas,us,06-07-2020,0.006861062
516,Oklahoma City,us,06-07-2020,-0.053901282
517,Memphis,us,06-07-2020,0.130146512
518,Louisville,us,06-07-2020,-0.038891304
519,Baltimore,us,06-07-2020,0.09618658
520,Milwaukee,us,06-07-2020,0.082262727
521,Albuquerque,us,06-07-2020,-0.017844898
522,Tucson,us,06-07-2020,-0.10492963
523,Fresno,us,06-07-2020,-0.026442105
524,Mesa,us,06-07-2020,0.018667039
525,Atlanta,us,06-07-2020,-0.0031289
526,Sacramento,us,06-07-2020,0.18167
527,Kansas City,us,06-07-2020,0.052455825
528,Miami,us,06-07-2020,-0.0429301
529,Colorado Springs,us,06-07-2020,0.03595
530,Raleigh,us,06-07-2020,0.073063551
531,Omaha,us,06-07-2020,0.25
532,Long Beach,us,06-07-2020,0.235983817
533,Virginia Beach,us,06-07-2020,0.078004854
534,Minneapolis,us,06-07-2020,0.088318135
535,Oakland,us,06-07-2020,-0.2138258
536,Tampa,us,06-07-2020,0.033954352
537,Arlington,us,06-07-2020,0.044113014
538,Tulsa,us,06-07-2020,0.089265217
539,Bakersfield,us,06-07-2020,0.0357
540,Mumbai,india,04-07-2020,0.1593318
541,Delhi,india,04-07-2020,0.122717022
542,Bangalore,india,04-07-2020,0.151309678
543,Hyderabad,india,04-07-2020,0.0381612
544,Ahmedabad,india,04-07-2020,0.021816377
545,Chennai,india,04-07-2020,-0.08186035
546,Kolkata,india,04-07-2020,0.071285764
547,Surat,india,04-07-2020,0.0
548,Pune,india,04-07-2020,0.227062812
549,Jaipur,india,04-07-2020,0.337365787
550,Visakhapatnam,india,04-07-2020,0.368667678
551,Nagpur,india,04-07-2020,0.178157383
552,Lucknow,india,04-07-2020,0.217362967
553,Kanpur,india,04-07-2020,-0.135916071
554,Thane,india,04-07-2020,0.159276272
555,Bhopal,india,04-07-2020,0.083073713
556,Indore,india,04-07-2020,0.251173115
557,Pimpri-Chinchwad,india,04-07-2020,0.227740416
558,Patna,india,04-07-2020,-0.06795197
559,Vadodara,india,04-07-2020,0.151876455
560,Toronto,canada,04-07-2020,0.139172589
561,Montreal,canada,04-07-2020,-0.04984869
562,Calgary,canada,04-07-2020,0.170584194
563,Ottawa,canada,04-07-2020,0.110569346
564,Edmonton,canada,04-07-2020,0.131645389
565,Mississauga,canada,04-07-2020,0.142992372
566,North York,canada,04-07-2020,0.143373561
567,Winnipeg,canada,04-07-2020,0.191825934
568,Scarborough,canada,04-07-2020,0.530777778
569,Vancouver,canada,04-07-2020,0.054590742
570,Quebec,canada,04-07-2020,0.0
571,Hamilton,canada,04-07-2020,0.108765176
572,Brampton,canada,04-07-2020,0.116056104
573,Surrey,canada,04-07-2020,0.084912028
574,Laval,canada,04-07-2020,0.0
575,Halifax,canada,04-07-2020,0.123442209
576,Etobicoke,canada,04-07-2020,0.143927556
577,London,canada,04-07-2020,0.160514347
578,Okanagan,canada,04-07-2020,0.247273836
579,Victoria,canada,04-07-2020,0.0
580,New York,us,04-07-2020,0.063827967
581,Los Angeles,us,04-07-2020,0.120857959
582,Chicago,us,04-07-2020,0.008376683
583,Houston,us,04-07-2020,0.037990494
584,Phoenix,us,04-07-2020,0.009237527
585,Philadelphia,us,04-07-2020,0.026844289
586,San Antonio,us,04-07-2020,0.005989384
587,San Diego,us,04-07-2020,0.146870595
588,Dallas,us,04-07-2020,0.020316454
589,San Jose,us,04-07-2020,0.048503112
590,Austin,us,04-07-2020,-0.005280363
591,Fort Worth,us,04-07-2020,0.081968236
592,Jacksonville,us,04-07-2020,0.175136442
593,Columbus,us,04-07-2020,0.009075152
594,Charlotte,us,04-07-2020,0.046785942
595,San Francisco,us,04-07-2020,0.020067406
596,Indianapolis,us,04-07-2020,0.200878391
597,Seattle,us,04-07-2020,0.006645036
598,Denver,us,04-07-2020,0.113152342
599,Washington,us,04-07-2020,0.023097122
600,Boston,us,04-07-2020,-0.137342361
601,El Paso,us,04-07-2020,-0.112918316
602,Nashville,us,04-07-2020,-0.003972489
603,Detroit,us,04-07-2020,0.022381671
604,Portland,us,04-07-2020,0.085332957
605,Las Vegas,us,04-07-2020,-0.10259867
606,Oklahoma City,us,04-07-2020,-0.035207531
607,Memphis,us,04-07-2020,0.073263663
608,Louisville,us,04-07-2020,-0.020068044
609,Baltimore,us,04-07-2020,0.139975865
610,Milwaukee,us,04-07-2020,0.173369587
611,Albuquerque,us,04-07-2020,-0.092826095
612,Tucson,us,04-07-2020,-0.080458195
613,Fresno,us,04-07-2020,0.156870373
614,Mesa,us,04-07-2020,0.005503579
615,Atlanta,us,04-07-2020,0.012925789
616,Sacramento,us,04-07-2020,0.008572705
617,Kansas City,us,04-07-2020,0.100159067
618,Miami,us,04-07-2020,-0.046860555
619,Colorado Springs,us,04-07-2020,-0.043713352
620,Raleigh,us,04-07-2020,0.08766971
621,Omaha,us,04-07-2020,0.086394963
622,Long Beach,us,04-07-2020,0.120167977
623,Virginia Beach,us,04-07-2020,0.251143977
624,Minneapolis,us,04-07-2020,0.11601195
625,Oakland,us,04-07-2020,0.017868295
626,Tampa,us,04-07-2020,0.038408667
627,Arlington,us,04-07-2020,0.021127382
628,Tulsa,us,04-07-2020,0.063601622
629,Bakersfield,us,04-07-2020,0.158138642
